OrderDate,Region,Rep,Item,UnitCost,PhoneNo,email
12/07/2018,Radom,Joel Oneill,"dolor sit amet, consectetuer adipiscing elit. Etiam laoreet, libero et",44850,1-563-940-1066,cubilia@torquentperconubia.net
07/30/2018,Massimino,Alexa Michael,nec tempus mauris erat eget ipsum. Suspendisse sagittis. Nullam vitae,64317,1-491-227-3202,est@sitametrisus.edu
08/28/2018,Gavirate,Zoe Burt,sit amet metus. Aliquam erat volutpat. Nulla facilisis. Suspendisse commodo,73067,1-612-424-6901,tristique.senectus@hendrerit.org
09/04/2018,St. Clears,TaShya Parker,"magna. Phasellus dolor elit, pellentesque a, facilisis non, bibendum sed,",39544,1-646-285-1805,primis.in.faucibus@enim.org
03/23/2018,Hamilton,Joy Vega,et libero. Proin mi. Aliquam gravida mauris ut mi. Duis,47954,1-993-693-6450,arcu@loremfringillaornare.co.uk
03/08/2018,Nasirabad,Calvin Kelly,"laoreet posuere, enim nisl elementum purus, accumsan interdum libero dui",18511,1-200-886-8862,nunc@eleifendnecmalesuada.org
02/21/2018,Saint-Pierre,Channing Travis,"dolor elit, pellentesque a, facilisis non, bibendum sed, est. Nunc",24006,1-299-131-5080,arcu.Morbi.sit@magnisdis.co.uk
02/21/2018,Wha Ti,Rigel Knowles,"ac, feugiat non, lobortis quis, pede. Suspendisse dui. Fusce diam",61648,1-593-704-0602,adipiscing.fringilla.porttitor@dis.com
12/17/2018,Parbhani,Damian Mccray,dictum. Proin eget odio. Aliquam vulputate ullamcorper magna. Sed eu,43779,1-578-450-7159,posuere.at.velit@sed.ca
10/06/2018,Dijon,Stewart Roman,fringilla. Donec feugiat metus sit amet ante. Vivamus non lorem,21378,1-373-986-7251,magna.malesuada@Quisquenonummy.org
09/17/2018,Kuşadası,Upton Franklin,"dictum magna. Ut tincidunt orci quis lectus. Nullam suscipit, est",29643,1-101-866-0508,volutpat@habitantmorbitristique.co.uk
03/27/2018,Kallo,Vance Flynn,"nec, malesuada ut, sem. Nulla interdum. Curabitur dictum. Phasellus in",57121,1-727-275-6008,id@placeratorcilacus.net
02/16/2018,Eugene,Bruno Weiss,"diam. Sed diam lorem, auctor quis, tristique ac, eleifend vitae,",64234,1-491-576-9294,non.sollicitudin@loremeumetus.ca
08/16/2018,Béziers,Flynn Ferguson,lacus. Aliquam rutrum lorem ac risus. Morbi metus. Vivamus euismod,43956,1-466-198-2135,Donec@sitametrisus.net
06/28/2018,Toowoomba,Scarlett Bentley,eu eros. Nam consequat dolor vitae dolor. Donec fringilla. Donec,56045,1-459-942-5245,non.massa@lectus.co.uk
06/18/2018,Limal,Neve Daniel,"ante dictum mi, ac mattis velit justo nec ante. Maecenas",11127,1-696-693-5669,eu.turpis@eget.com
10/26/2018,Louvain-la-Neuve,Keith Benton,"augue ut lacus. Nulla tincidunt, neque vitae semper egestas, urna",58106,1-842-202-2810,Ut@arcu.net
10/26/2018,Cefalà Diana,Kirsten Ortega,pretium neque. Morbi quis urna. Nunc quis arcu vel quam,76778,1-971-744-9144,tristique.neque.venenatis@Donecluctusaliquet.ca
07/31/2018,Hollange,Stacy Stanton,"ac, eleifend vitae, erat. Vivamus nisi. Mauris nulla. Integer urna.",85861,1-293-641-2840,sed.dui@aliquetmolestie.edu
08/09/2018,Clarksville,Baker Manning,"eget, venenatis a, magna. Lorem ipsum dolor sit amet, consectetuer",36973,1-792-831-5108,Fusce.mollis.Duis@Vestibulumanteipsum.co.uk
09/28/2018,Denderwindeke,Patricia Beck,magna et ipsum cursus vestibulum. Mauris magna. Duis dignissim tempor,98952,1-609-778-1338,In@consequatdolor.net
06/08/2018,Znamensk,Jorden Rodriquez,"magnis dis parturient montes, nascetur ridiculus mus. Proin vel arcu",58468,1-271-170-9046,Curabitur.vel@tinciduntpedeac.com
03/26/2018,Ottignies,Mollie Davenport,nonummy ipsum non arcu. Vivamus sit amet risus. Donec egestas.,55696,1-739-300-8703,eu.ligula.Aenean@Nunc.org
02/04/2018,Columbia,Hope Dudley,non quam. Pellentesque habitant morbi tristique senectus et netus et,59005,1-363-484-8066,aliquet.sem.ut@volutpat.co.uk
08/05/2018,Papudo,Zane Fields,fringilla. Donec feugiat metus sit amet ante. Vivamus non lorem,88500,1-523-960-2105,Morbi.non@ultricesDuis.ca
07/18/2018,Nicoya,Ava Rodriguez,fermentum metus. Aenean sed pede nec ante blandit viverra. Donec,88598,1-709-547-2664,in.faucibus.orci@urnaconvalliserat.net
09/26/2018,Wellingborough,Hoyt Acosta,ligula. Aenean euismod mauris eu elit. Nulla facilisi. Sed neque.,43949,1-129-577-1465,tellus.justo@nibhlaciniaorci.org
07/06/2018,Lot,Armando Travis,"laoreet lectus quis massa. Mauris vestibulum, neque sed dictum eleifend,",64300,1-746-302-2954,lorem.ac.risus@metusvitaevelit.com
09/26/2018,Shaheed Benazirabad,Octavia Bates,"diam at pretium aliquet, metus urna convallis erat, eget tincidunt",32157,1-815-437-1288,eu.dui.Cum@massa.ca
05/13/2018,Zwolle,Eugenia Rutledge,"mollis vitae, posuere at, velit. Cras lorem lorem, luctus ut,",93794,1-345-805-8655,amet@eteuismod.net
11/15/2018,Minitonas,Philip Barrett,"Mauris vestibulum, neque sed dictum eleifend, nunc risus varius orci,",49241,1-824-697-2111,per@maurisSuspendissealiquet.com
07/15/2018,Pozo Almonte,Iris Ellison,"nonummy ut, molestie in, tempus eu, ligula. Aenean euismod mauris",56356,1-455-275-3428,nisl@eratSed.ca
06/24/2018,Teodoro Schmidt,Brynne Kirk,a neque. Nullam ut nisi a odio semper cursus. Integer,90898,1-548-577-6773,sed.dui@enimMauris.ca
01/18/2018,Heusden,Ashton Casey,"pharetra nibh. Aliquam ornare, libero at auctor ullamcorper, nisl arcu",46332,1-972-512-0169,Aliquam@risusMorbimetus.com
10/27/2018,Leonding,Emma Marshall,"non leo. Vivamus nibh dolor, nonummy ac, feugiat non, lobortis",71004,1-833-269-6750,magna.Lorem.ipsum@sociisnatoquepenatibus.co.uk
04/03/2018,Liernu,Upton Mcintyre,"ut, pharetra sed, hendrerit a, arcu. Sed et libero. Proin",82048,1-607-283-9753,feugiat@mienimcondimentum.net
05/03/2018,San Martino in Pensilis,Murphy Fuentes,eu turpis. Nulla aliquet. Proin velit. Sed malesuada augue ut,16098,1-752-432-0185,non.enim.Mauris@amet.net
12/28/2018,Burlington,Ralph Macias,"et, eros. Proin ultrices. Duis volutpat nunc sit amet metus.",24438,1-323-972-6722,Donec.tempor.est@pellentesquemassa.com
01/08/2018,Sarreguemines,Meghan Richardson,dictum. Proin eget odio. Aliquam vulputate ullamcorper magna. Sed eu,36280,1-663-654-8599,Suspendisse@Aeneansed.edu
06/23/2018,Kalat,Vivian Chavez,scelerisque scelerisque dui. Suspendisse ac metus vitae velit egestas lacinia.,49885,1-255-199-7452,ridiculus@utodio.co.uk
10/04/2018,Murree,Adam Pearson,"egestas. Aliquam nec enim. Nunc ut erat. Sed nunc est,",26399,1-149-134-8144,Integer@turpisvitaepurus.com
01/20/2018,Schweinfurt,Yeo James,"molestie sodales. Mauris blandit enim consequat purus. Maecenas libero est,",20869,1-300-849-7184,vitae@rhoncus.co.uk
08/13/2018,Montgomery,Sloane Terry,"molestie in, tempus eu, ligula. Aenean euismod mauris eu elit.",66043,1-439-125-0379,neque.In@nectellusNunc.ca
08/23/2018,Paillaco,Rashad Perry,"mattis velit justo nec ante. Maecenas mi felis, adipiscing fringilla,",40010,1-188-347-4716,dui@eratvitaerisus.com
10/07/2018,Bastia,Wylie Hansen,"libero. Donec consectetuer mauris id sapien. Cras dolor dolor, tempus",79512,1-492-613-7310,Nulla@nuncrisus.com
11/26/2018,Plauen,Jared Frederick,"Integer vulputate, risus a ultricies adipiscing, enim mi tempor lorem,",36602,1-878-639-5476,a.auctor.non@Utsemperpretium.net
12/14/2018,Novoli,Cally Warner,arcu ac orci. Ut semper pretium neque. Morbi quis urna.,95563,1-342-640-9588,eleifend.nunc@Duis.edu
12/08/2018,Gatineau,Timon Chase,congue turpis. In condimentum. Donec at arcu. Vestibulum ante ipsum,15415,1-645-848-1271,scelerisque.neque.sed@arcuSed.org
03/02/2018,Dosquebradas,Boris Johnson,"in, dolor. Fusce feugiat. Lorem ipsum dolor sit amet, consectetuer",57735,1-383-547-9551,Donec.at@erat.com
02/17/2018,Onitsha,Leslie Jacobson,"dui, nec tempus mauris erat eget ipsum. Suspendisse sagittis. Nullam",96691,1-235-306-9028,augue.eu@pretiumaliquet.co.uk
03/18/2018,Geer,Tanek Stevenson,Suspendisse tristique neque venenatis lacus. Etiam bibendum fermentum metus. Aenean,26854,1-417-746-2226,Phasellus@arcu.co.uk
11/29/2018,Taunusstein,Lance Wilson,dui. Cras pellentesque. Sed dictum. Proin eget odio. Aliquam vulputate,30941,1-487-630-2795,sit.amet.ante@mauris.org
09/01/2018,Bolton,Haviva Hurley,ligula. Aliquam erat volutpat. Nulla dignissim. Maecenas ornare egestas ligula.,96097,1-337-975-3219,Fusce@urna.edu
03/04/2018,Ucluelet,Igor Frank,magna. Duis dignissim tempor arcu. Vestibulum ut eros non enim,55497,1-463-888-1352,dapibus.gravida.Aliquam@velconvallis.com
10/26/2018,Grand Rapids,Chester Harrison,"et risus. Quisque libero lacus, varius et, euismod et, commodo",22300,1-623-267-2179,amet.risus@auctor.co.uk
09/28/2018,Nijkerk,Peter Burton,Quisque fringilla euismod enim. Etiam gravida molestie arcu. Sed eu,59458,1-113-378-1314,sollicitudin.commodo.ipsum@eleifend.co.uk
04/22/2018,Río Bueno,Halla Martin,"dolor dolor, tempus non, lacinia at, iaculis quis, pede. Praesent",62312,1-704-305-2483,ligula.Aenean@ipsumprimis.com
07/13/2018,Noginsk,Iris Blanchard,Curae; Phasellus ornare. Fusce mollis. Duis sit amet diam eu,33311,1-437-877-5458,lectus.Cum@rhoncusNullam.co.uk
07/24/2018,Pumanque,Florence Jefferson,"conubia nostra, per inceptos hymenaeos. Mauris ut quam vel sapien",37434,1-804-843-0118,dignissim@non.com
03/25/2018,Oyen,Gareth Banks,ligula. Aenean euismod mauris eu elit. Nulla facilisi. Sed neque.,84707,1-771-597-3978,sapien@aliquamarcu.co.uk
11/14/2018,Khyber Agency,Moana May,tincidunt tempus risus. Donec egestas. Duis ac arcu. Nunc mauris.,90570,1-352-792-4775,Sed@nonenim.com
03/11/2018,Bungay,Tana Strickland,"lobortis augue scelerisque mollis. Phasellus libero mauris, aliquam eu, accumsan",63583,1-249-711-9894,interdum.libero.dui@nonummyFuscefermentum.net
03/07/2018,Tredegar,Basil Mcdonald,"ut, pellentesque eget, dictum placerat, augue. Sed molestie. Sed id",63372,1-411-683-9240,lacus.Quisque.imperdiet@utsemNulla.ca
10/15/2018,Coutisse,Ursa Crane,"Lorem ipsum dolor sit amet, consectetuer adipiscing elit. Aliquam auctor,",17390,1-724-809-9855,parturient.montes@odiovel.edu
11/01/2018,Sedgewick,Cynthia Horne,"mauris, rhoncus id, mollis nec, cursus a, enim. Suspendisse aliquet,",92666,1-785-476-3238,hendrerit.a.arcu@non.net
07/07/2018,Guelph,Michael Clark,"auctor ullamcorper, nisl arcu iaculis enim, sit amet ornare lectus",30001,1-601-294-0409,dolor.nonummy@tinciduntadipiscingMauris.ca
04/29/2018,Whitewater Region Township,Hilda Barry,vulputate mauris sagittis placerat. Cras dictum ultricies ligula. Nullam enim.,45219,1-665-960-3362,magna.Praesent@bibendumfermentum.com
07/27/2018,Pradamano,Michelle Zimmerman,Proin dolor. Nulla semper tellus id nunc interdum feugiat. Sed,23244,1-903-321-9163,vitae.erat@Phasellusnulla.edu
09/15/2018,San Benedetto del Tronto,Maisie Reese,consectetuer ipsum nunc id enim. Curabitur massa. Vestibulum accumsan neque,83355,1-307-108-4189,justo@metuseu.org
04/08/2018,Tintigny,Ferris Kirkland,in faucibus orci luctus et ultrices posuere cubilia Curae; Donec,73934,1-819-849-7274,semper.pretium.neque@gravida.com
05/25/2018,Vadodara,Kennedy Lambert,Morbi quis urna. Nunc quis arcu vel quam dignissim pharetra.,72156,1-508-906-0688,tellus.imperdiet.non@nuncsed.edu
05/07/2018,Höchst,Charlotte Obrien,in faucibus orci luctus et ultrices posuere cubilia Curae; Phasellus,19765,1-384-822-9466,dui@ametmetus.com
05/19/2018,Hugli-Chinsurah,Dante Barrera,Sed id risus quis diam luctus lobortis. Class aptent taciti,52302,1-673-917-5830,elit.Etiam.laoreet@parturientmontes.com
06/14/2018,Rostov,James Terrell,"id, libero. Donec consectetuer mauris id sapien. Cras dolor dolor,",92088,1-675-517-3269,sagittis.augue@libero.org
06/11/2018,Bellevue,Kirby Noel,"Donec tempor, est ac mattis semper, dui lectus rutrum urna,",76145,1-380-969-0350,Nam.consequat.dolor@nec.edu
02/28/2018,Monacilioni,Cameron Roy,"vitae semper egestas, urna justo faucibus lectus, a sollicitudin orci",87154,1-806-915-4866,pharetra.felis@nequeNullamut.net
08/22/2018,Trinità d'Agultu e Vignola,Ayanna Dominguez,sit amet nulla. Donec non justo. Proin non massa non,57283,1-897-112-8595,convallis.ligula.Donec@hendreritnequeIn.co.uk
06/26/2018,Lahore,Dean Foley,quis diam. Pellentesque habitant morbi tristique senectus et netus et,41465,1-252-358-7134,nonummy@ac.org
05/24/2018,Ikot Ekpene,Kenyon Hancock,primis in faucibus orci luctus et ultrices posuere cubilia Curae;,92108,1-772-131-9614,Fusce.aliquet.magna@rhoncusDonec.edu
10/28/2018,Newbury,Daquan Goff,lobortis tellus justo sit amet nulla. Donec non justo. Proin,87312,1-135-870-2788,cursus@cursusaenim.com
03/05/2018,Medemblik,Barclay Williamson,semper cursus. Integer mollis. Integer tincidunt aliquam arcu. Aliquam ultrices,39879,1-446-618-5761,adipiscing.fringilla@velitPellentesque.edu
04/14/2018,Cossignano,Paula Olson,"neque. In ornare sagittis felis. Donec tempor, est ac mattis",79696,1-718-849-9755,nec@purus.ca
09/20/2018,San Felipe,Kieran Knowles,"scelerisque neque sed sem egestas blandit. Nam nulla magna, malesuada",38074,1-534-494-9007,eu@Nullasempertellus.com
06/20/2018,Saravena,Gabriel Stanton,"Phasellus nulla. Integer vulputate, risus a ultricies adipiscing, enim mi",30864,1-908-726-2637,mauris.aliquam@eratSednunc.ca
10/16/2018,Etobicoke,Dana Haley,"Integer sem elit, pharetra ut, pharetra sed, hendrerit a, arcu.",21463,1-115-461-0851,interdum.feugiat.Sed@ultricesDuisvolutpat.ca
01/29/2018,Rakitnoye,Denton Berger,tortor nibh sit amet orci. Ut sagittis lobortis mauris. Suspendisse,68886,1-119-199-1848,amet.ornare@aliquet.edu
03/26/2018,Tank,Wade Rowe,"lobortis quis, pede. Suspendisse dui. Fusce diam nunc, ullamcorper eu,",54357,1-834-203-0473,imperdiet.ornare.In@duiaugueeu.co.uk
05/21/2018,Burin,Daquan Sanford,Praesent eu dui. Cum sociis natoque penatibus et magnis dis,31966,1-465-434-6864,sed@magnisdisparturient.com
05/29/2018,Saint-Quentin,Hyacinth Perkins,"magnis dis parturient montes, nascetur ridiculus mus. Donec dignissim magna",96229,1-489-327-0349,Suspendisse.tristique@Crasloremlorem.edu
11/18/2018,Muzzafarabad,Erich Jenkins,"mattis semper, dui lectus rutrum urna, nec luctus felis purus",65959,1-287-832-1501,auctor.non.feugiat@diam.co.uk
11/16/2018,Villavicencio,Anne Hayes,mauris eu elit. Nulla facilisi. Sed neque. Sed eget lacus.,28220,1-642-270-5308,Nunc.sed@Fuscemi.co.uk
10/06/2018,Wuppertal,Kay Wall,"faucibus ut, nulla. Cras eu tellus eu augue porttitor interdum.",84102,1-542-849-4321,Cras@diam.ca
07/26/2018,Seltso,Raja Tillman,facilisis lorem tristique aliquet. Phasellus fermentum convallis ligula. Donec luctus,17403,1-309-784-7834,eleifend.egestas@veliteget.co.uk
09/29/2018,Stonewall,Theodore Hanson,Duis ac arcu. Nunc mauris. Morbi non sapien molestie orci,42635,1-345-995-3698,imperdiet.non.vestibulum@auctorullamcorpernisl.com
10/17/2018,Merrickville-Wolford,Idona Brady,"non massa non ante bibendum ullamcorper. Duis cursus, diam at",97494,1-324-986-4290,id.ante@elitfermentumrisus.co.uk
07/11/2018,Austin,Imani Burke,"augue id ante dictum cursus. Nunc mauris elit, dictum eu,",72755,1-626-152-7872,tristique@egetmassaSuspendisse.org
06/11/2018,Pickering,Eve Craig,"aliquet diam. Sed diam lorem, auctor quis, tristique ac, eleifend",65571,1-356-819-3324,a@nonummy.org
01/04/2018,Orlando,Nolan Anthony,"odio, auctor vitae, aliquet nec, imperdiet nec, leo. Morbi neque",11190,1-685-833-5417,nunc.sed@sodalesMaurisblandit.net
03/19/2018,Yorkton,Orla Richmond,"nonummy ut, molestie in, tempus eu, ligula. Aenean euismod mauris",55578,1-951-142-4584,felis@molestieSed.ca
08/30/2018,Couthuin,Paula Calderon,"ac facilisis facilisis, magna tellus faucibus leo, in lobortis tellus",21776,1-389-705-4918,sit@lacusMauris.org